LapNumber,SectorID,IF_sector_mean
18.0,0,0.503149572868918
18.0,1,0.4468353209752781
18.0,2,0.43208043560391424
