LapNumber,SectorID,IF_sector_mean
27.0,0,0.46035665245356455
27.0,1,0.43836405360667396
27.0,2,0.43198411553275295
