LapNumber,SectorID,IF_sector_mean
23.0,0,0.4627891273712889
23.0,1,0.4409500800469424
23.0,2,0.43931514213238976
